siteID,date,spp,count
JAKUSTEMA1,2018-07-07,GRCA,5
CLARCOLDC1,2018-07-07,GRCA,4
CLARCOLDC1,2018-07-07,AMRO,6
SURNSANMA1,2018-07-10,GRCA,3
SURNSANMA1,2018-07-10,BCCH,3
SURNSANMA1,2018-07-10,SOSP,2
SURNSANMA1,2018-07-10,HOWR,1
SURNSANMA1,2018-07-10,NOCA,3
BOONGREMD2,2018-07-10,CARW,1
BOONGREMD2,2018-07-10,GRCA,7
BOONGREMD2,2018-07-10,HOWR,2
BOONGREMD2,2018-07-10,NOCA,10
BOONGREMD2,2018-07-10,SOSP,2
BULLTHOMA1,2018-07-11,SOSP,1
BULLTHOMA1,2018-07-11,BCCH,2
BULLTHOMA1,2018-07-11,GRCA,9
BULLTHOMA1,2018-07-11,HOWR,2
BULLTHOMA1,2018-07-11,NOCA,3
BULLTHOMA1,2018-07-11,CARW,1
BULLTHOMA1,2018-07-11,AMRO,9
NORTLAUGA1,2018-07-12,BRTH,3
NORTLAUGA1,2018-07-12,CACH,3
NORTLAUGA1,2018-07-12,CARW,6
NORTLAUGA1,2018-07-12,NOCA,17
NORTLAUGA1,2018-07-12,SOSP,7
NORTLAUGA1,2018-07-12,TUTI,7
KEYESUSMD1,2018-07-06,GRCA,3
KEYESUSMD1,2018-07-06,NOCA,1
STEVSADMA1,2018-07-08,AMRO,7
STEVSADMA1,2018-07-08,GRCA,1
STEVSADMA1,2018-07-08,NOCA,1
BENNBILMA1,2018-07-12,GRCA,5
BENNBILMA1,2018-07-12,NOCA,5
BENNBILMA1,2018-07-12,HOWR,2
BENNBILMA1,2018-07-12,SOSP,8
BENNBILMA1,2018-07-12,BCCH,5
TOSCPAMMA1,2018-07-12,AMRO,5
TOSCPAMMA1,2018-07-12,GRCA,5
TOSCPAMMA1,2018-07-12,BCCH,1
TOSCPAMMA1,2018-07-12,SOSP,6
TOSCPAMMA1,2018-07-12,HOWR,2
HINTLORNC1,2018-07-09,CACH,7
HINTLORNC1,2018-07-09,CARW,20
HINTLORNC1,2018-07-09,NOCA,22
HINTLORNC1,2018-07-09,AMRO,11
HINTLORNC1,2018-07-09,GRCA,4
MOSELYNNC1,2018-07-12,AMRO,8
MOSELYNNC1,2018-07-12,CACH,7
MOSELYNNC1,2018-07-12,CARW,3
NEWTROBNC1,2018-06-30,CARW,5
NEWTROBNC1,2018-06-30,SOSP,2
NEWTROBNC1,2018-06-30,NOCA,8
NEWTROBNC1,2018-06-30,AMRO,5
NEWTROBNC1,2018-06-30,NOMO,4
OWENEDDNC1,2018-07-01,CACH,4
OWENEDDNC1,2018-07-01,NOMO,1
OWENEDDNC1,2018-07-01,NOCA,19
OWENEDDNC1,2018-07-01,CARW,10
OWENEDDNC1,2018-07-01,SOSP,8
OWENEDDNC1,2018-07-01,GRCA,9
OWENEDDNC1,2018-07-01,HOWR,3
OWENEDDNC1,2018-07-01,AMRO,10
BRAXBOBGA1,2018-06-27,HOWR,5
BRAXBOBGA1,2018-06-27,NOCA,11
BRAXBOBGA1,2018-06-27,SOSP,6
HALALEEMA1,2018-06-27,AMRO,2
HALALEEMA1,2018-06-27,BCCH,3
HALALEEMA1,2018-06-27,EAPH,3
HALALEEMA1,2018-06-27,NOCA,1
HALALEEMA1,2018-06-27,HOWR,1
LAPPHENMA1,2018-06-26,SOSP,1
LAPPHENMA1,2018-06-26,HOWR,3
LAPPHENMA1,2018-06-26,GRCA,9
LAPPHENMA1,2018-06-26,BCCH,2
BRADVALGA1,2018-06-28,AMRO,4
BRADVALGA1,2018-06-28,BRTH,2
BRADVALGA1,2018-06-28,CACH,4
BRADVALGA1,2018-06-28,CARW,7
BRADVALGA1,2018-06-28,NOCA,11
BRADVALGA1,2018-06-28,SOSP,6
BRADVALGA1,2018-06-28,TUTI,3
YOPPINCFL1,2018-06-27,CARW,3
YOPPINCFL1,2018-06-27,TUTI,9
YOPPINCFL1,2018-06-27,NOCA,2
PRESPENFL1,2018-06-27,CACH,2
PRESPENFL1,2018-06-27,CARW,6
PRESPENFL1,2018-06-27,NOCA,4
PRESPENFL1,2018-06-27,TUTI,2
WINTCHAFL1,2018-06-28,CACH,4
WINTCHAFL1,2018-06-28,CARW,7
WINTCHAFL1,2018-06-28,NOCA,13
WINTCHAFL1,2018-06-28,NOMO,1
CHERNADFL1,2018-06-28,CACH,6
CHERNADFL1,2018-06-28,CARW,4
CHERNADFL1,2018-06-28,NOCA,12
CHERNADFL1,2018-06-28,TUTI,7
TEAMKARPA1,2018-06-21,SOSP,4
TEAMKARPA1,2018-06-21,AMRO,11
TEAMKARPA1,2018-06-21,CACH,7
VERSBETMD2,2018-06-29,CACH,5
VERSBETMD2,2018-06-29,NOCA,2
STURCARMD1,2018-06-28,GRCA,5
STURCARMD1,2018-06-28,HOWR,2
STURCARMD1,2018-06-28,CACH,2
STURCARMD1,2018-06-28,NOCA,5
STURCARMD1,2018-06-28,AMRO,3
OBRICHRMD1,2018-06-28,AMRO,8
OBRICHRMD1,2018-06-28,CACH,1
OBRICHRMD1,2018-06-28,CARW,5
OBRICHRMD1,2018-06-28,GRCA,4
OBRICHRMD1,2018-06-28,HOWR,2
OBRICHRMD1,2018-06-28,NOCA,4
OBRICHRMD1,2018-06-28,SOSP,3
MURPELEMA1,2018-06-29,BCCH,6
MURPELEMA1,2018-06-29,AMRO,2
MURPELEMA1,2018-06-29,GRCA,4
MURPELEMA1,2018-06-29,HOWR,1
MURPELEMA1,2018-06-29,SOSP,8
LOWRSTEFL1,2018-06-29,CACH,6
LOWRSTEFL1,2018-06-29,CARW,3
LOWRSTEFL1,2018-06-29,NOCA,15
LOWRSTEFL1,2018-06-29,NOMO,2
LOWRSTEFL1,2018-06-29,TUTI,8
DESIELAGA1,2018-06-30,AMRO,7
DESIELAGA1,2018-06-30,BRTH,4
DESIELAGA1,2018-06-30,CACH,9
DESIELAGA1,2018-06-30,CARW,8
DESIELAGA1,2018-06-30,HOWR,1
DESIELAGA1,2018-06-30,NOCA,16
DESIELAGA1,2018-06-30,SOSP,8
DESIELAGA1,2018-06-30,TUTI,4
MURRSANGA1,2018-07-01,CACH,7
MURRSANGA1,2018-07-01,CARW,15
MURRSANGA1,2018-07-01,NOCA,16
MURRSANGA1,2018-07-01,TUTI,12
MARTJUAMA1,2018-06-27,AMRO,10
MARTJUAMA1,2018-06-27,GRCA,2
MORETONMA1,2018-07-02,NOCA,7
MORETONMA1,2018-07-02,BCCH,5
MORETONMA1,2018-07-02,GRCA,2
PELLLYNMA1,2018-06-19,BCCH,2
PELLLYNMA1,2018-06-19,GRCA,6
SHEAMARMA1,2018-07-03,GRCA,4
SHEAMARMA1,2018-07-03,SOSP,13
SHEAMARMA1,2018-07-03,AMRO,2
SHEAMARMA1,2018-07-03,BCCH,1
GRIFRACMA1,2018-07-02,GRCA,10
GRIFRACMA1,2018-07-02,AMRO,9
GRIFRACMA1,2018-07-02,BCCH,4
GRIFRACMA1,2018-07-02,NOCA,5
GRIFRACMA1,2018-07-02,CARW,1
NATURTLFL1,2018-06-30,CACH,6
NATURTLFL1,2018-06-30,CARW,9
NATURTLFL1,2018-06-30,NOCA,3
NATURTLFL1,2018-06-30,TUTI,9
DAYLAUFL1,2018-07-03,CACH,4
DAYLAUFL1,2018-07-03,CARW,3
DAYLAUFL1,2018-07-03,NOCA,17
DAYLAUFL1,2018-07-03,TUTI,6
STACTIMPA1,2018-06-26,AMRO,3
STALJUDPA1,2018-06-28,AMRO,3
STALJUDPA1,2018-06-28,GRCA,1
STALJUDPA1,2018-06-28,CARW,1
STALJUDPA1,2018-06-28,NOCA,3
RICHALMA1,2018-07-03,AMRO,31
RICHALMA1,2018-07-03,EAPH,1
RICHALMA1,2018-07-03,GRCA,7
RICHALMA1,2018-07-03,NOCA,4
RICHALMA1,2018-07-03,SOSP,12
NIKODONPA1,2018-06-29,HOWR,1
NIKODONPA1,2018-06-29,SOSP,2
JONEHARFL1,2018-07-04,CACH,3
JONEHARFL1,2018-07-04,CARW,2
JONEHARFL1,2018-07-04,NOCA,12
JONEHARFL1,2018-07-04,TUTI,4
SILLSCOMD1,2018-07-03,AMRO,15
SILLSCOMD1,2018-07-03,CACH,1
SILLSCOMD1,2018-07-03,CARW,2
SILLSCOMD1,2018-07-03,GRCA,5
SILLSCOMD1,2018-07-03,HOWR,4
SILLSCOMD1,2018-07-03,NOCA,5
SILLSCOMD1,2018-07-03,SOSP,4
VERSMATMA1,2018-07-05,SOSP,2
VERSMATMA1,2018-07-05,GRCA,2
VERSMATMA1,2018-07-05,HOWR,1
GAIEMELMA1,2018-07-04,GRCA,6
GAIEMELMA1,2018-07-04,AMRO,4
GAIEMELMA1,2018-07-04,SOSP,6
GAIEMELMA1,2018-07-04,NOCA,1
GAIEMELMA1,2018-07-04,NOMO,1
GAIEMELMA1,2018-07-04,HOWR,2
test,2018-07-03,NOCA,3
test,2018-07-03,EUKE,7
BURNNIKMA1,2018-07-09,HOWR,2
BURNNIKMA1,2018-07-09,BCCH,5
BURNNIKMA1,2018-07-09,GRCA,10
JAKUSTEMA1,2018-07-07,BCCH,4
JAKUSTEMA1,2018-07-07,NOCA,8
JAKUSTEMA1,2018-07-07,AMRO,5
JAKUSTEMA1,2018-07-07,SOSP,2
BEARKARNC1,2018-05-15,CARW,6
BEARKARNC1,2018-05-15,NOCA,11
BEARKARNC1,2018-05-15,GRCA,2
BEARKARNC1,2018-05-15,AMRO,8
BEARKARNC1,2018-05-15,CACH,3
BEARKARNC1,2018-05-15,SOSP,4
BURGRENNC1,2018-05-18,NOCA,13
BURGRENNC1,2018-05-18,CACH,4
CAMPSUSNC1,2018-06-05,NOCA,7
CAMPSUSNC1,2018-06-05,CARW,2
CONNJOHNC1,2018-05-14,GRCA,4
CONNJOHNC1,2018-05-14,NOCA,11
CONNJOHNC1,2018-05-14,SOSP,2
CONNJOHNC1,2018-05-14,AMRO,16
CONNJOHNC1,2018-05-14,HOWR,2
CONNJOHNC1,2018-05-14,CARW,7
CONNJOHNC1,2018-05-14,NOMO,3
COTTVANNC1,2018-06-13,NOCA,14
COTTVANNC1,2018-06-13,CARW,10
COTTVANNC1,2018-06-13,CACH,7
COTTVANNC1,2018-06-13,SOSP,2
COTTVANNC1,2018-06-13,HOWR,2
COTTVANNC1,2018-06-13,GRCA,1
DOWDMIRNC1,2018-06-23,CARW,11
DOWDMIRNC1,2018-06-23,NOCA,14
DOWDMIRNC1,2018-06-23,GRCA,6
DOWDMIRNC1,2018-06-23,CACH,6
DOWDMIRNC1,2018-06-23,AMRO,5
DOWDMIRNC1,2018-06-23,SOSP,1
FERNKARNC1,2018-07-07,NOMO,3
FERNKARNC1,2018-07-07,NOCA,19
FERNKARNC1,2018-07-07,AMRO,4
FERNKARNC1,2018-07-07,CACH,5
FERNKARNC1,2018-07-07,CARW,6
FOSTSTENC1,2018-06-28,CARW,20
FOSTSTENC1,2018-06-28,CACH,4
FOSTSTENC1,2018-06-28,NOCA,22
FOSTSTENC1,2018-06-28,HOWR,3
FOSTSTENC1,2018-06-28,NOMO,1
FOSTSTENC1,2018-06-28,SOSP,1
FOSTSTENC1,2018-06-28,AMRO,17
FOSTSTENC1,2018-06-28,GRCA,1
GERWJOHNC1,2018-06-25,AMRO,7
GERWJOHNC1,2018-06-25,CARW,7
GERWJOHNC1,2018-06-25,NOCA,13
GERWJOHNC1,2018-06-25,CACH,9
GERWJOHNC1,2018-06-25,HOWR,2
GERWJOHNC1,2018-06-25,GRCA,5
HARVSUENC1,2018-06-19,NOCA,11
HARVSUENC1,2018-06-19,HOWR,3
HARVSUENC1,2018-06-19,CACH,8
HARVSUENC1,2018-06-19,GRCA,1
HARVSUENC1,2018-06-19,NOMO,8
HARVSUENC1,2018-06-19,AMRO,10
IVESALINC1,2018-06-07,CARW,4
IVESALINC1,2018-06-07,CACH,7
JENSKEINC1,2018-06-20,NOCA,14
JENSKEINC1,2018-06-20,SOSP,3
JENSKEINC1,2018-06-20,CACH,5
JENSKEINC1,2018-06-20,CARW,8
JENSKEINC1,2018-06-20,GRCA,7
JENSKEINC1,2018-06-20,AMRO,6
KALIELINC1,2018-06-29,NOCA,21
KALIELINC1,2018-06-29,GRCA,7
KALIELINC1,2018-06-29,CARW,10
KALIELINC1,2018-06-29,AMRO,2
KALIELINC1,2018-06-29,SOSP,3
KALIELINC1,2018-06-29,CACH,5
LIPSMARNC1,2018-06-11,SOSP,7
LIPSMARNC1,2018-06-11,AMRO,22
LIPSMARNC1,2018-06-11,GRCA,4
LIPSMARNC1,2018-06-11,NOMO,8
LIPSMARNC1,2018-06-11,HOWR,1
LIPSMARNC1,2018-06-11,NOCA,6
LIPSMARNC1,2018-06-11,CACH,1
LIPSMARNC1,2018-06-11,CARW,3
MANDMARNC1,2018-06-09,HOWR,2
MANDMARNC1,2018-06-09,NOCA,18
MANDMARNC1,2018-06-09,CARW,4
MANDMARNC1,2018-06-09,CACH,4
MANDMARNC1,2018-06-09,NOMO,6
MANDMARNC1,2018-06-09,AMRO,3
MANDMARNC1,2018-06-09,SOSP,2
MCCODINNC1,2018-06-21,NOMO,8
MCCODINNC1,2018-06-21,SOSP,5
MCCODINNC1,2018-06-21,NOCA,18
MCCODINNC1,2018-06-21,CARW,9
MCCODINNC1,2018-06-21,CACH,5
MCCODINNC1,2018-06-21,AMRO,13
MCCODINNC1,2018-06-21,GRCA,4
SALITYLNC1,2018-06-27,CACH,5
SALITYLNC1,2018-06-27,NOCA,11
SALITYLNC1,2018-06-27,CARW,9
SALITYLNC1,2018-06-27,AMRO,1
SALITYLNC1,2018-06-27,GRCA,1
SIMPEDWNC1,2018-05-20,CACH,1
SIMPEDWNC1,2018-05-20,NOCA,3
SIMPEDWNC1,2018-05-20,CARW,7
SPEAMARNC2,2018-06-22,CARW,3
SPEAMARNC2,2018-06-22,NOMO,7
SPEAMARNC2,2018-06-22,NOCA,10
SPEAMARNC2,2018-06-22,CACH,8
TAYLJERNC1,2018-06-08,SOSP,10
TAYLJERNC1,2018-06-08,CARW,7
TAYLJERNC1,2018-06-08,GRCA,13
TAYLJERNC1,2018-06-08,AMRO,8
TAYLJERNC1,2018-06-08,NOCA,16
TAYLJERNC1,2018-06-08,CACH,4
WOLFMARNC1,2018-06-15,CARW,6
WOLFMARNC1,2018-06-15,CACH,5
WOLFMARNC1,2018-06-15,NOCA,17
WOLFMARNC1,2018-06-15,HOWR,1
WOUKKARNC1,2018-06-18,NOCA,3
WOUKKARNC1,2018-06-18,CACH,4
WOUKKARNC1,2018-06-18,CARW,4
WOUKKARNC1,2018-06-18,NOMO,3
CANNANNMA1,2018-05-14,HOWR,2
CANNANNMA1,2018-05-14,SOSP,1
CANNANNMA1,2018-05-14,BCCH,1
HOSTMARFL1,2018-05-12,CACH,9
HOSTMARFL1,2018-05-12,CARW,3
HOSTMARFL1,2018-05-12,NOCA,18
EWINSAMFL1,2018-05-11,CACH,13
EWINSAMFL1,2018-05-11,CARW,3
EWINSAMFL1,2018-05-11,NOCA,11
CAMPGINFL1,2018-05-10,CARW,2
CAMPGINFL1,2018-05-10,NOCA,12
BOUGROBFL1,2018-05-10,CARW,3
BOUGROBFL1,2018-05-10,NOCA,17
BOUGROBFL1,2018-05-10,TUTI,3
ANDRJENFL1,2018-05-09,CACH,3
ANDRJENFL1,2018-05-09,CARW,4
ANDRJENFL1,2018-05-09,NOCA,9
ANDRJENFL1,2018-05-09,NOMO,6
ANDRJENFL1,2018-05-09,TUTI,2
KOWAELIFL1,2018-05-13,BRTH,3
KOWAELIFL1,2018-05-13,CACH,6
KOWAELIFL1,2018-05-13,CARW,2
KOWAELIFL1,2018-05-13,NOCA,10
KOWAELIFL1,2018-05-13,TUTI,4
JACOSYDMD1,2018-05-08,AMRO,12
JACOSYDMD1,2018-05-08,NOMO,4
JACOSYDMD1,2018-05-08,HOWR,1
JACOSYDMD1,2018-05-08,GRCA,3
JACOSYDMD1,2018-05-08,NOCA,5
DURBLAUNC1,2017-06-15,CACH,9
DURBLAUNC1,2017-06-15,GRCA,4
DURBLAUNC1,2017-06-15,CARW,2
NICHGLONC1,2017-04-26,NOCA,14
NICHGLONC1,2017-04-26,CARW,5
NICHGLONC1,2017-04-26,AMRO,8
CAMPSUSNC1,2017-05-04,CACH,7
CAMPSUSNC1,2017-05-04,CARW,3
CAMPSUSNC1,2017-05-04,NOCA,9
WILDSIEMA1,2017-07-30,BCCH,3
WILDSIEMA1,2017-07-30,NOCA,1
WILDSIEMA1,2017-07-30,SOSP,3
AAROJESFL1,2018-04-16,BRTH,12
HERRJAYFL1,2018-04-14,CACH,4
HERRJAYFL1,2018-04-14,CARW,3
HERRJAYFL1,2018-04-14,NOCA,8
HERRJAYFL1,2018-04-14,TUTI,3
STEPGREFL1,2018-04-16,BRTH,2
STEPGREFL1,2018-04-16,CACH,7
STEPGREFL1,2018-04-16,CARW,2
STEPGREFL1,2018-04-16,NOCA,13
STEPGREFL1,2018-04-16,TUTI,2
PROWGARFL1,2018-04-18,CACH,3
PROWGARFL1,2018-04-18,CARW,5
PROWGARFL1,2018-04-18,NOCA,9
PROWGARFL1,2018-04-18,TUTI,4
CIBUJEAFL1,2018-04-19,CACH,6
CIBUJEAFL1,2018-04-19,CARW,2
CIBUJEAFL1,2018-04-19,NOCA,13
CIBUJEAFL1,2018-04-19,TUTI,9
BLOOLEEFL1,2018-04-20,BRTH,3
BLOOLEEFL1,2018-04-20,CACH,6
BLOOLEEFL1,2018-04-20,CARW,2
BLOOLEEFL1,2018-04-20,NOCA,9
BLOOLEEFL1,2018-04-20,TUTI,11
NOSSANDFL1,2018-04-17,CACH,7
NOSSANDFL1,2018-04-17,CARW,4
NOSSANDFL1,2018-04-17,NOCA,14
NOSSANDFL1,2018-04-17,TUTI,4
MILLMARFL1,2018-04-21,CACH,6
MILLMARFL1,2018-04-21,CARW,5
MILLMARFL1,2018-04-21,NOCA,7
MILLMARFL1,2018-04-21,TUTI,6
LICHJERFL1,2018-04-24,CACH,4
LICHJERFL1,2018-04-24,CARW,3
LICHJERFL1,2018-04-24,NOCA,12
LICHJERFL1,2018-04-24,TUTI,8
CAMPGLOMD1,2018-04-30,NOCA,4
CAMPGLOMD1,2018-04-30,AMRO,10
CAMPGLOMD1,2018-04-30,CARW,2
CAMPGLOMD1,2018-04-30,GRCA,1
CAMPGLOMD1,2018-04-30,CACH,3
CAMPGLOMD1,2018-04-30,SOSP,1
SPLAMARMA2,2018-05-03,BCCH,17
SPLAMARMA2,2018-05-03,GRCA,1
SPLAMARMA2,2018-05-03,SOSP,11
SPLAMARMA2,2018-05-03,AMRO,25
SALOSHEMD1,2018-05-03,AMRO,7
SALOSHEMD1,2018-05-03,NOMO,4
SALOSHEMD1,2018-05-03,HOWR,4
SALOSHEMD1,2018-05-03,NOCA,5
SALOSHEMD1,2018-05-03,GRCA,1
SALOSHEMD1,2018-05-03,CARW,3
WILDSIEMA1,2018-05-04,SOSP,4
WILDSIEMA1,2018-05-04,EAPH,3
WILDSIEMA1,2018-05-04,AMRO,2
WILDSIEMA1,2018-05-04,BCCH,3
WILDSIEMA1,2018-05-04,GRCA,1
REITBOBMD1,2018-05-04,AMRO,18
REITBOBMD1,2018-05-04,NOCA,15
REITBOBMD1,2018-05-04,SOSP,15
REITBOBMD1,2018-05-04,GRCA,4
REITBOBMD1,2018-05-04,NOMO,3
FARYSIMMD1,2018-05-05,SOSP,5
FARYSIMMD1,2018-05-05,AMRO,19
FARYSIMMD1,2018-05-05,GRCA,5
FARYSIMMD1,2018-05-05,NOCA,7
FARYSIMMD1,2018-05-05,NOMO,2
FARYSIMMD1,2018-05-05,CARW,1
BEALTOMMD1,2018-05-07,AMRO,4
BEALTOMMD1,2018-05-07,NOCA,16
BEALTOMMD1,2018-05-07,GRCA,2
BEALTOMMD1,2018-05-07,HOWR,1
BEALTOMMD1,2018-05-07,CARW,2
BEALTOMMD1,2018-05-07,CACH,6
GOODNANMA1,2018-05-07,HOWR,1
GOODNANMA1,2018-05-07,GRCA,2
GOODNANMA1,2018-05-07,NOCA,3
ELLIJONFL1,2018-04-25,CACH,1
ELLIJONFL1,2018-04-25,CARW,2
ELLIJONFL1,2018-04-25,NOCA,12
ELLIJONFL1,2018-04-25,TUTI,3
CARLDAVFL1,2018-04-26,CACH,4
CARLDAVFL1,2018-04-26,CARW,2
CARLDAVFL1,2018-04-26,NOCA,13
CARLDAVFL1,2018-04-26,TUTI,2
GOWAJOAFL1,2018-04-28,CACH,4
GOWAJOAFL1,2018-04-28,CARW,6
GOWAJOAFL1,2018-04-28,NOCA,13
GOWAJOAFL1,2018-04-28,TUTI,3
BANDCATFL1,2018-04-30,CACH,7
BANDCATFL1,2018-04-30,NOCA,8
BANDCATFL1,2018-04-30,TUTI,11
STRARICFL1,2018-05-02,CARW,7
COXANDFL1,2018-05-03,CACH,6
COXANDFL1,2018-05-03,CARW,8
COXANDFL1,2018-05-03,NOCA,17
COXANDFL1,2018-05-03,TUTI,6
JACOSUSFL1,2018-05-04,CACH,9
JACOSUSFL1,2018-05-04,NOCA,17
JACOSUSFL1,2018-05-04,TUTI,6
LAUESARFL1,2018-05-05,BRTH,2
LAUESARFL1,2018-05-05,CACH,6
LAUESARFL1,2018-05-05,CARW,8
LAUESARFL1,2018-05-05,NOCA,9
LAUESARFL1,2018-05-05,TUTI,2
CASEANNFL1,2018-05-08,CACH,4
CASEANNFL1,2018-05-08,NOCA,11
CASEANNFL1,2018-05-08,TUTI,5
CASEANNFL1,2018-05-08,CARW,6
WHELGWEMA1,2018-05-08,HOWR,1
WHELGWEMA1,2018-05-08,SOSP,3
WHELGWEMA1,2018-05-08,AMRO,1
WHELGWEMA1,2018-05-08,GRCA,1
BARNCYNCO1,2018-04-25,AMRO,8
RACKTRACO1,2018-05-01,BCCH,9
RACKTRACO1,2018-05-01,AMRO,3
RACKTRACO1,2018-05-01,HOWR,1
DOPPJANMA1,2018-05-10,AMRO,18
DOPPJANMA1,2018-05-10,BCCH,2
DOPPJANMA1,2018-05-10,EAPH,2
DOPPJANMA1,2018-05-10,HOWR,2
DOPPJANMA1,2018-05-10,GRCA,3
DOPPJANMA1,2018-05-10,NOCA,2
DOPPJANMA1,2018-05-10,SOSP,4
DOYLPHIMA1,2018-05-11,BCCH,4
DOYLPHIMA1,2018-05-11,GRCA,4
DOYLPHIMA1,2018-05-11,NOCA,3
DOYLPHIMA1,2018-05-11,HOWR,3
DOYLPHIMA1,2018-05-11,AMRO,12
CALLEVEMA1,2018-05-09,HOWR,3
CALLEVEMA1,2018-05-09,NOMO,9
CALLEVEMA1,2018-05-09,SOSP,7
CALLEVEMA1,2018-05-09,BCCH,5
CLARBRYMA1,2018-05-13,AMRO,17
CLARBRYMA1,2018-05-13,BCCH,3
CLARBRYMA1,2018-05-13,HOWR,2
CLARBRYMA1,2018-05-13,NOCA,4
CLARBRYMA1,2018-05-13,GRCA,6
CLARBRYMA1,2018-05-13,SOSP,10
CANNANNMA1,2018-05-14,NOCA,2
CANNANNMA1,2018-05-14,AMRO,9
CANNANNMA1,2018-05-14,GRCA,2
LAMMLAUFL1,2018-05-18,CACH,8
LAMMLAUFL1,2018-05-18,CARW,3
LAMMLAUFL1,2018-05-18,NOCA,20
AKREMICMA1,2018-05-21,HOWR,1
AKREMICMA1,2018-05-21,EAPH,2
AKREMICMA1,2018-05-21,BCCH,8
AKREMICMA1,2018-05-21,NOCA,1
ATHEJIMMA2,2018-05-20,HOWR,1
ATHEJIMMA2,2018-05-20,EAPH,2
ATHEJIMMA2,2018-05-20,BCCH,8
ATHEJIMMA2,2018-05-20,NOCA,1
ATHEJIMMA2,2016-06-20,EAPH,1
ATHEJIMMA2,2016-06-20,NOCA,1
ADAMVICFL1,2018-05-16,CACH,12
ADAMVICFL1,2018-05-16,CARW,3
ADAMVICFL1,2018-05-16,NOCA,7
ADAMVICFL1,2018-05-16,NOMO,2
ADAMVICFL1,2018-05-16,TUTI,5
PALUMATFL1,2018-05-19,CACH,7
PALUMATFL1,2018-05-19,CARW,1
PALUMATFL1,2018-05-19,NOCA,12
PALUMATFL1,2018-05-19,TUTI,8
SHAHMAUFL1,2018-05-20,CACH,6
SHAHMAUFL1,2018-05-20,CARW,2
SHAHMAUFL1,2018-05-20,NOCA,8
SHAHMAUFL1,2018-05-20,NOMO,1
SHAHMAUFL1,2018-05-20,TUTI,2
DOYLJAMFL1,2018-05-23,CARW,3
DOYLJAMFL1,2018-05-23,NOCA,7
DOYLJAMFL1,2018-05-23,TUTI,3
HALLGRAFL1,2018-05-23,CARW,1
HALLGRAFL1,2018-05-23,NOCA,5
JORGJANMA1,2018-05-24,AMRO,3
JORGJANMA1,2018-05-24,SOSP,1
JORGJANMA1,2018-05-24,GRCA,1
CALVCARMA1,2018-05-21,AMRO,7
CALVCARMA1,2018-05-21,NOMO,11
CALVCARMA1,2018-05-21,SOSP,7
PELLVOLMA1,2017-06-19,AMRO,19
KARMALYPA3,2018-05-16,NOCA,5
KARMALYPA3,2018-05-16,SOSP,3
KARMALYPA3,2018-05-16,CARW,1
BAKENANMA1,2018-05-26,GRCA,3
BAKENANMA1,2018-05-26,SOSP,1
BAKENANMA1,2018-05-26,BCCH,4
BAKENANMA1,2018-05-26,HOWR,1
QUIMKIMPA1,2018-05-26,NOCA,5
QUIMKIMPA1,2018-05-26,GRCA,2
QUIMKIMPA1,2018-05-26,UNCH,1
QUIMKIMPA1,2018-05-26,CARW,1
PINKSUSPA1,2018-05-25,NOCA,2
PINKSUSPA1,2018-05-25,SOSP,11
PINKSUSPA1,2018-05-25,GRCA,1
CASEWENMA1,2018-05-27,NOMO,3
CASEWENMA1,2018-05-27,GRCA,1
AZARCARPA1,2018-05-27,AMRO,9
AZARCARPA1,2018-05-27,NOCA,2
AZARCARPA1,2018-05-27,SOSP,7
KLUBKARFL1,2018-05-25,CARW,4
KLUBKARFL1,2018-05-25,NOCA,18
HAZZIANFL1,2018-05-25,CACH,4
HAZZIANFL1,2018-05-25,CARW,2
HAZZIANFL1,2018-05-25,TUTI,6
BLOCDAVMD1,2018-05-29,AMRO,10
BLOCDAVMD1,2018-05-29,GRCA,16
BLOCDAVMD1,2018-05-29,SOSP,8
BLOCDAVMD1,2018-05-29,NOCA,9
BLOCDAVMD1,2018-05-29,CACH,1
BLOCDAVMD1,2018-05-29,CARW,2
BLOCDAVMD1,2018-05-29,NOMO,1
BOSCJOEDC1,2018-05-04,GRCA,9
BOSCJOEDC1,2018-05-04,NOCA,9
BOSCJOEDC1,2018-05-04,SOSP,10
BOSCJOEDC1,2018-05-04,AMRO,9
FUISLISVA2,2018-05-15,NOMO,5
FUISLISVA2,2018-05-15,GRCA,4
FUISLISVA2,2018-05-15,NOCA,4
FUISLISVA2,2018-05-15,AMRO,10
FUISLISVA2,2018-05-15,CARW,11
FUISLISVA2,2018-05-15,SOSP,12
GOROCARDC1,2018-05-28,NOCA,6
GOROCARDC1,2018-05-28,GRCA,4
GOROCARDC1,2018-05-28,AMRO,8
GOROCARDC1,2018-05-28,CARW,1
GOROCARDC1,2018-05-28,HOWR,2
HUNTDAVMD2,2018-05-29,NOCA,5
HUNTDAVMD2,2018-05-29,CARW,1
HUNTDAVMD2,2018-05-29,AMRO,11
HUNTDAVMD2,2018-05-29,NOMO,1
HUNTDAVMD2,2018-05-29,GRCA,2
DAVIALIVA1,2018-05-30,SOSP,4
DAVIALIVA1,2018-05-30,AMRO,6
DAVIALIVA1,2018-05-30,NOMO,2
DAVIALIVA1,2018-05-30,CACH,5
DAVIALIVA1,2018-05-30,GRCA,8
DAVIALIVA1,2018-05-30,NOCA,3
DAVIALIVA1,2018-05-30,HOWR,3
INGRBENFL1,2018-05-30,CACH,3
INGRBENFL1,2018-05-30,CARW,2
INGRBENFL1,2018-05-30,NOCA,6
INGRBENFL1,2018-05-30,NOMO,3
CAMPPAUFL1,2018-05-29,CACH,10
CAMPPAUFL1,2018-05-29,CARW,6
CAMPPAUFL1,2018-05-29,NOCA,19
CAMPPAUFL1,2018-05-29,TUTI,5
GECACARVA1,2018-05-30,AMRO,6
GECACARVA1,2018-05-30,SOSP,10
GECACARVA1,2018-05-30,NOCA,9
GECACARVA1,2018-05-30,NOMO,5
GECACARVA1,2018-05-30,GRCA,2
GARDVALMD1,2018-05-31,AMRO,10
GARDVALMD1,2018-05-31,CACH,3
GARDVALMD1,2018-05-31,NOCA,5
GARDVALMD1,2018-05-31,GRCA,4
GARDVALMD1,2018-05-31,SOSP,2
RAVECATPA1,2018-05-31,NOCA,2
RAVECATPA1,2018-05-31,AMRO,3
GERBGIGPA1,2018-05-29,AMRO,22
GERBGIGPA1,2018-05-29,HOWR,1
GERBGIGPA1,2018-05-29,SOSP,3
GERBGIGPA1,2018-05-29,NOCA,2
FLAMSCOFL1,2018-06-01,CACH,7
FLAMSCOFL1,2018-06-01,CARW,2
FLAMSCOFL1,2018-06-01,NOCA,9
FLAMSCOFL1,2018-06-01,TUTI,4
COLSKATMD1,2018-06-02,HOWR,4
COLSKATMD1,2018-06-02,AMRO,12
COLSKATMD1,2018-06-02,NOCA,9
COLSKATMD1,2018-06-02,CACH,7
COLSKATMD1,2018-06-02,CARW,3
COLSKATMD1,2018-06-02,GRCA,9
WILLJIMFL1,2018-06-02,CACH,4
WILLJIMFL1,2018-06-02,CARW,2
WILLJIMFL1,2018-06-02,NOCA,12
WILLJIMFL1,2018-06-02,NOMO,1
WILLJIMFL1,2018-06-02,TUTI,7
HENJELAFL1,2018-06-03,CACH,7
HENJELAFL1,2018-06-03,CARW,3
HENJELAFL1,2018-06-03,NOCA,18
KORNHARFL1,2018-06-03,BRTH,1
KORNHARFL1,2018-06-03,CACH,3
KORNHARFL1,2018-06-03,CARW,2
KORNHARFL1,2018-06-03,NOCA,8
WELLBREFL1,2018-06-04,CACH,7
WELLBREFL1,2018-06-04,CARW,4
WELLBREFL1,2018-06-04,NOCA,13
WELLBREFL1,2018-06-04,TUTI,3
CHURCARFL1,2018-06-05,BRTH,1
CHURCARFL1,2018-06-05,CACH,13
CHURCARFL1,2018-06-05,CARW,4
CHURCARFL1,2018-06-05,NOCA,16
CHURCARFL1,2018-06-05,NOMO,3
CHURCARFL1,2018-06-05,TUTI,3
MCCOWALFL1,2018-06-06,CARW,2
MCCOWALFL1,2018-06-06,NOCA,22
MCCOWALFL1,2018-06-06,TUTI,6
LAFOMELVA1,2018-06-04,NOCA,6
LAFOMELVA1,2018-06-04,CARW,5
LAFOMELVA1,2018-06-04,HOWR,1
LAFOMELVA1,2018-06-04,SOSP,4
LAFOMELVA1,2018-06-04,AMRO,6
LAFOMELVA1,2018-06-04,GRCA,1
LANDCELVA1,2018-06-06,AMRO,6
LANDCELVA1,2018-06-06,SOSP,6
LANDCELVA1,2018-06-06,GRCA,5
LANDCELVA1,2018-06-06,NOCA,2
LANDCELVA1,2018-06-06,CARW,1
REIDLOLMA1,2018-06-06,AMRO,22
REIDLOLMA1,2018-06-06,CARW,1
REIDLOLMA1,2018-06-06,GRCA,8
REIDLOLMA1,2018-06-06,NOCA,4
THERLARMA1,2018-06-07,AMRO,5
THERLARMA1,2018-06-07,BCCH,2
THERLARMA1,2018-06-07,EAPH,2
THERLARMA1,2018-06-07,GRCA,9
THERLARMA1,2018-06-07,HOWR,4
THERLARMA1,2018-06-07,NOCA,4
HAZZANNMA1,2018-06-08,AMRO,3
HAZZANNMA1,2018-06-08,BCCH,1
HAZZANNMA1,2018-06-08,GRCA,1
BAUGSHEVA1,2018-06-08,SOSP,2
BAUGSHEVA1,2018-06-08,NOCA,7
BAUGSHEVA1,2018-06-08,AMRO,5
BAUGSHEVA1,2018-06-08,CARW,4
ANDRKENVA1,2018-06-08,HOWR,5
ANDRKENVA1,2018-06-08,AMRO,8
ANDRKENVA1,2018-06-08,CACH,4
ANDRKENVA1,2018-06-08,NOCA,7
ANDRKENVA1,2018-06-08,SOSP,5
WIEBFRAMD1,2018-06-08,GRCA,7
WIEBFRAMD1,2018-06-08,NOCA,4
WIEBFRAMD1,2018-06-08,AMRO,6
WIEBFRAMD1,2018-06-08,CACH,1
HANNNANMD1,2018-06-08,SOSP,8
HANNNANMD1,2018-06-08,HOWR,1
HANNNANMD1,2018-06-08,NOCA,11
HANNNANMD1,2018-06-08,CARW,1
DRISMARCO1,2018-06-06,HOWR,7
DRISMARCO1,2018-06-06,AMRO,12
DRISMARCO1,2018-06-06,BCCH,4
GOWAGEOFL1,2018-06-09,CACH,4
GOWAGEOFL1,2018-06-09,CARW,6
GOWAGEOFL1,2018-06-09,NOCA,13
GOWAGEOFL1,2018-06-09,NOMO,4
PLACGIRFL1,2018-06-07,CACH,3
PLACGIRFL1,2018-06-07,CARW,2
PLACGIRFL1,2018-06-07,NOCA,7
PLACGIRFL1,2018-06-07,TUTI,3
SILVCELFL1,2018-06-07,CARW,4
HANDLINPA1,2018-05-19,AMRO,9
HANDLINPA1,2018-05-19,CARW,1
HANDLINPA1,2018-05-19,SOSP,3
MILTMIKVA1,2018-06-09,AMRO,7
MILTMIKVA1,2018-06-09,GRCA,3
MILTMIKVA1,2018-06-09,NOMO,4
MILTMIKVA1,2018-06-09,SOSP,5
MILTMIKVA1,2018-06-09,NOCA,6
MILTMIKVA1,2018-06-09,CACH,2
MILTMIKVA1,2018-06-09,HOWR,1
YOUNKIMVA1,2018-06-11,CACH,4
YOUNKIMVA1,2018-06-11,CARW,2
YOUNKIMVA1,2018-06-11,GRCA,3
YOUNKIMVA1,2018-06-11,NOCA,11
YOUNKIMVA1,2018-06-11,SOSP,6
YOUNKIMVA1,2018-06-11,TUTI,1
WILLTINVA1,2018-06-11,NOCA,10
WILLTINVA1,2018-06-11,CARW,4
WILLTINVA1,2018-06-11,AMRO,2
WILLTINVA1,2018-06-11,SOSP,1
WILLTINVA1,2018-06-11,GRCA,6
WILLTINVA1,2018-06-11,HOWR,6
ROMANICMA1,2018-06-11,BCCH,3
ROMANICMA1,2018-06-11,AMRO,18
ROMANICMA1,2018-06-11,GRCA,6
ROMANICMA1,2018-06-11,HOWR,3
ROMANICMA1,2018-06-11,NOCA,1
ROMANICMA1,2018-06-11,NOMO,6
ROMANICMA1,2018-06-11,EAPH,2
GRANIANFL1,2018-06-10,CACH,7
GRANIANFL1,2018-06-10,CARW,3
GRANIANFL1,2018-06-10,NOCA,9
GRANIANFL1,2018-06-10,TUTI,4
KNOXMIKFL1,2018-06-11,CACH,4
KNOXMIKFL1,2018-06-11,CARW,2
KNOXMIKFL1,2018-06-11,NOCA,6
KNOXMIKFL1,2018-06-11,TUTI,3
HILLSALMA1,2018-06-12,AMRO,31
HILLSALMA1,2018-06-12,BCCH,2
HILLSALMA1,2018-06-12,GRCA,5
HILLSALMA1,2018-06-12,HOWR,4
HILLSALMA1,2018-06-12,NOCA,10
BLUEHPKGA1,2018-06-05,CARW,2
BLUEHPKGA1,2018-06-05,GRCA,5
BLUEHPKGA1,2018-06-05,NOCA,7
BLUEHPKGA1,2018-06-05,AMRO,6
BLUEHPKGA1,2018-06-05,CACH,4
BLUEHPKGA1,2018-06-05,TUTI,1
BROWANNMD1,2018-06-12,AMRO,8
BROWANNMD1,2018-06-12,HOWR,3
BROWANNMD1,2018-06-12,CACH,3
BROWANNMD1,2018-06-12,GRCA,2
BROWANNMD1,2018-06-12,SOSP,7
BROWANNMD1,2018-06-12,NOCA,6
WILLRAJMD1,2018-06-12,SOSP,7
WILLRAJMD1,2018-06-12,NOCA,4
WILLRAJMD1,2018-06-12,AMRO,15
WILLRAJMD1,2018-06-12,GRCA,5
WILLRAJMD1,2018-06-12,CACH,1
LEONTESDC1,2018-06-13,NOCA,4
LEONTESDC1,2018-06-13,AMRO,2
LEONTESDC1,2018-06-13,SOSP,2
LEONTESDC1,2018-06-13,GRCA,1
LYNCPATPA1,2018-06-05,SOSP,3
LYNCPATPA1,2018-06-05,NOCA,4
LYNCPATPA1,2018-06-05,NOMO,1
ALEXROBPA1,2018-06-14,AMRO,7
ALEXROBPA1,2018-06-14,SOSP,3
ALEXROBPA1,2018-06-14,GRCA,1
ALEXROBPA1,2018-06-14,NOCA,3
CHANSYLGA1,2018-06-09,GRCA,4
CHANSYLGA1,2018-06-09,CACH,5
CHANSYLGA1,2018-06-09,CARW,4
CHANSYLGA1,2018-06-09,NOCA,9
CHANSYLGA1,2018-06-09,BRTH,6
CHANSYLGA1,2018-06-09,NOMO,4
CHANSYLGA1,2018-06-09,AMRO,14
CHANSYLGA1,2018-06-09,HOWR,5
GHILCOLGA1,2018-06-11,AMRO,13
GHILCOLGA1,2018-06-11,CARW,2
GHILCOLGA1,2018-06-11,SOSP,9
STRAELEGA1,2018-06-12,NOCA,9
STRAELEGA1,2018-06-12,GRCA,5
STRAELEGA1,2018-06-12,CARW,4
STRAELEGA1,2018-06-12,BRTH,6
WISSSTEGA1,2018-06-13,CACH,3
WISSSTEGA1,2018-06-13,GRCA,3
WISSSTEGA1,2018-06-13,HOWR,1
WISSSTEGA1,2018-06-13,NOCA,12
WISSSTEGA1,2018-06-13,CARW,2
WISSSTEGA1,2018-06-13,SOSP,6
WISSSTEGA1,2018-06-13,AMRO,13
WILEKATGA1,2018-06-14,CARW,9
WILEKATGA1,2018-06-14,NOCA,17
WILEKATGA1,2018-06-14,AMRO,1
DONOLORDC2,2018-06-15,AMRO,3
DONOLORDC2,2018-06-15,SOSP,6
DONOLORDC2,2018-06-15,GRCA,3
DONOLORDC2,2018-06-15,NOCA,4
DONOLORDC2,2018-06-15,CACH,1
DONOLORDC2,2018-06-15,NOMO,5
DONOLORDC2,2018-06-15,TUTI,1
ASSMCARMD1,2018-06-15,CARW,2
ASSMCARMD1,2018-06-15,CACH,4
ASSMCARMD1,2018-06-15,GRCA,3
ASSMCARMD1,2018-06-15,AMRO,5
ASSMCARMD1,2018-06-15,NOCA,6
ASSMCARMD1,2018-06-15,SOSP,1
WOLFAMYDC1,2018-06-15,GRCA,2
WOLFAMYDC1,2018-06-15,AMRO,2
WOLFAMYDC1,2018-06-15,CARW,1
WOLFAMYDC1,2018-06-15,SOSP,1
BILLPAIDC1,2018-06-14,AMRO,11
BILLPAIDC1,2018-06-14,GRCA,10
BILLPAIDC1,2018-06-14,HOWR,1
BILLPAIDC1,2018-06-14,NOCA,2
BILLPAIDC1,2018-06-14,SOSP,3
ROSEJOSMA1,2018-06-15,NOCA,4
ROSEJOSMA1,2018-06-15,GRCA,6
ROSEJOSMA1,2018-06-15,AMRO,9
ROSEJOSMA1,2018-06-15,EAPH,1
ROSEJOSMA1,2018-06-15,BCCH,7
KINGGEOMA1,2018-06-14,AMRO,13
KINGGEOMA1,2018-06-14,BCCH,2
KINGGEOMA1,2018-06-14,GRCA,3
KINGGEOMA1,2018-06-14,HOWR,2
KINGGEOMA1,2018-06-14,NOCA,1
KINGGEOMA1,2018-06-14,SOSP,2
HIGGBETMA1,2018-06-13,AMRO,15
HIGGBETMA1,2018-06-13,GRCA,17
HIGGBETMA1,2018-06-13,HOWR,7
HIGGBETMA1,2018-06-13,NOCA,6
HIGGBETMA1,2018-06-13,SOSP,7
PIEPSUSMA1,2018-06-15,AMRO,7
PIEPSUSMA1,2018-06-15,GRCA,2
PIEPSUSMA1,2018-06-15,NOCA,3
PFEIJOHFL1,2018-06-12,CACH,8
PFEIJOHFL1,2018-06-12,CARW,2
PFEIJOHFL1,2018-06-12,NOCA,16
PFEIJOHFL1,2018-06-12,TUTI,3
BYERHEAPA1,2018-06-15,CACH,1
BYERHEAPA1,2018-06-15,AMRO,8
BYERHEAPA1,2018-06-15,SOSP,5
BYERHEAPA1,2018-06-15,NOCA,1
BYERHEAPA1,2018-06-15,HOWR,1
SAXTCHRPA1,2018-06-16,HOWR,1
SAXTCHRPA1,2018-06-16,CARW,1
SAXTCHRPA1,2018-06-16,SOSP,2
SAXTCHRPA1,2018-06-16,AMRO,9
WATSJOSFL1,2018-06-16,CACH,3
WATSJOSFL1,2018-06-16,CARW,4
WATSJOSFL1,2018-06-16,NOCA,13
WATSJOSFL1,2018-06-16,TUTI,7
KILGJACGA1,2018-06-16,BRTH,2
KILGJACGA1,2018-06-16,CARW,3
KILGJACGA1,2018-06-16,NOCA,13
KILGJACGA1,2018-06-16,SOSP,12
KILGJACGA1,2018-06-16,TUTI,2
FREEJOHFL1,2018-06-17,CACH,5
FREEJOHFL1,2018-06-17,CARW,3
FREEJOHFL1,2018-06-17,NOCA,14
FREEJOHFL1,2018-06-17,TUTI,3
MATHLYNMA1,2018-06-17,GRCA,5
MATHLYNMA1,2018-06-17,SOSP,4
MATHLYNMA1,2018-06-17,BCCH,2
MATHLYNMA1,2018-06-17,NOCA,1
SADLCHRPA1,2018-06-11,AMRO,14
SADLCHRPA1,2018-06-11,SOSP,11
SADLCHRPA1,2018-06-11,NOCA,2
COPEHAZPA1,2018-06-13,CACH,1
COPEHAZPA1,2018-06-13,HOWR,2
COPEHAZPA1,2018-06-13,GRCA,1
COPEHAZPA1,2018-06-13,SOSP,6
COPEHAZPA1,2018-06-13,NOCA,10
COPEHAZPA1,2018-06-13,CARW,1
NEWBCARVA1,2018-06-18,AMRO,8
NEWBCARVA1,2018-06-18,CACH,1
NEWBCARVA1,2018-06-18,CARW,3
NEWBCARVA1,2018-06-18,NOCA,6
NEWBCARVA1,2018-06-18,GRCA,1
NEWBCARVA1,2018-06-18,HOWR,2
PHARAIMMD1,2018-06-16,AMRO,3
PHARAIMMD1,2018-06-16,CACH,2
PHARAIMMD1,2018-06-16,CARW,1
PHARAIMMD1,2018-06-16,NOCA,4
KENTADAFL1,2018-06-18,CACH,11
KENTADAFL1,2018-06-18,CARW,6
KENTADAFL1,2018-06-18,NOCA,13
KENTADAFL1,2018-06-18,TUTI,6
DWORBARPA1,2018-06-06,NOMO,2
DWORBARPA1,2018-06-06,SOSP,1
DWORBARPA1,2018-06-06,NOCA,4
DWORBARPA1,2018-06-06,AMRO,10
DWORBARPA1,2018-06-06,CARW,1
FLAGMARFL1,2018-06-19,CACH,8
FLAGMARFL1,2018-06-19,CARW,3
FLAGMARFL1,2018-06-19,NOCA,24
FLAGMARFL1,2018-06-19,TUTI,9
PATCLORDC1,2018-06-20,AMRO,2
PATCLORDC1,2018-06-20,CARW,1
PATCLORDC1,2018-06-20,NOCA,2
PATCLORDC1,2018-06-20,SOSP,2
KIMBMARGA1,2018-06-20,AMRO,10
KIMBMARGA1,2018-06-20,CACH,5
KIMBMARGA1,2018-06-20,CARW,6
KIMBMARGA1,2018-06-20,HOWR,3
KIMBMARGA1,2018-06-20,NOCA,15
MILLKARFL1,2018-06-20,BRTH,1
MILLKARFL1,2018-06-20,CACH,3
MILLKARFL1,2018-06-20,CARW,5
MILLKARFL1,2018-06-20,NOCA,13
MILLKARFL1,2018-06-20,NOMO,3
MILLKARFL1,2018-06-20,TUTI,4
KRATANDFL1,2018-06-20,CACH,11
KRATANDFL1,2018-06-20,CARW,4
KRATANDFL1,2018-06-20,NOCA,19
KRATANDFL1,2018-06-20,NOMO,2
KRATANDFL1,2018-06-20,TUTI,7
PLANANDGA1,2018-06-21,NOCA,25
PLANANDGA1,2018-06-21,BRTH,7
PLANANDGA1,2018-06-21,CARW,10
PLANANDGA1,2018-06-21,GRCA,5
PLANANDGA1,2018-06-21,HOWR,2
PLANANDGA1,2018-06-21,SOSP,3
TANGLAUDC1,2018-06-21,AMRO,7
TANGLAUDC1,2018-06-21,GRCA,4
TANGLAUDC1,2018-06-21,CARW,2
TANGLAUDC1,2018-06-21,NOCA,1
TANGLAUDC1,2018-06-21,SOSP,4
LEWASUSMA1,2018-06-21,GRCA,12
LEWASUSMA1,2018-06-21,BCCH,14
LEWASUSMA1,2018-06-21,HOWR,4
LEWASUSMA1,2018-06-21,CARW,1
LEWASUSMA1,2018-06-21,NOCA,4
LEWASUSMA1,2018-06-21,AMRO,18
LEWASUSMA1,2018-06-21,EAPH,3
LEWASUSMA1,2018-06-21,SOSP,6
GERHEUNPA1,2018-06-17,AMRO,3
GERHEUNPA1,2018-06-17,NOCA,3
GERHEUNPA1,2018-06-17,SOSP,1
GERHEUNPA1,2018-06-17,CARW,1
WISSDAMPA1,2018-06-18,SOSP,5
WISSDAMPA1,2018-06-18,AMRO,14
WISSDAMPA1,2018-06-18,BCCH,1
BARTTARPA1,2018-06-22,NOCA,4
BARTTARPA1,2018-06-22,NOMO,2
BARTTARPA1,2018-06-22,SOSP,1
LABOPEGMA1,2018-06-22,GRCA,4
LABOPEGMA1,2018-06-22,HOWR,1
ROBISCOFL1,2018-06-21,CACH,4
ROBISCOFL1,2018-06-21,CARW,3
ROBISCOFL1,2018-06-21,NOCA,22
ROBISCOFL1,2018-06-21,TUTI,4
WHITLIZFL1,2018-06-21,BRTH,1
WHITLIZFL1,2018-06-21,CARW,6
WHITLIZFL1,2018-06-21,NOCA,11
BRYAANGFL1,2018-06-23,CACH,3
BRYAANGFL1,2018-06-23,CARW,1
BRYAANGFL1,2018-06-23,NOCA,8
BRYAANGFL1,2018-06-23,TUTI,2
SCHLROBMD1,2018-06-25,CACH,1
SCHLROBMD1,2018-06-25,CARW,3
SCHLROBMD1,2018-06-25,GRCA,2
SCHLROBMD1,2018-06-25,NOCA,5
POVEANGGA1,2018-06-25,AMRO,12
POVEANGGA1,2018-06-25,NOMO,3
POVEANGGA1,2018-06-25,SOSP,16
CHARANDMA1,2018-06-25,GRCA,1
CHARANDMA1,2018-06-25,AMRO,2
CHARANDMA1,2018-06-25,HOWR,1
CHARANDMA1,2018-06-25,BCCH,6
CHARANDMA1,2018-06-25,NOCA,1
HALLJENMA1,2018-06-24,SOSP,3
HALLJENMA1,2018-06-24,GRCA,2
HALLJENMA1,2018-06-24,AMRO,8
HALLJENMA1,2018-06-24,NOCA,3
SULLLORCO1,2018-05-09,AMRO,3
SCHRCATCO1,2018-05-08,AMRO,6
SCHRCATCO1,2018-05-08,BCCH,5
SCHRCATCO1,2018-05-08,SPTO,2
SCHRCATCO1,2018-05-08,HOWR,2
JANTCARCO1,2018-05-07,AMRO,7
JANTCARCO1,2018-05-07,SPTO,2
JANTCARCO1,2018-05-07,BCCH,6
JANTCARCO1,2018-05-07,HOWR,3
DELMMARCO1,2018-05-06,BCCH,7
DELMMARCO1,2018-05-06,HOWR,6
DELMMARCO1,2018-05-06,AMRO,5
DELMMARCO1,2018-05-06,SPTO,3
BOHLGEOCO1,2018-05-14,AMRO,14
BOHLGEOCO1,2018-05-14,HOWR,1
GORNSARCO1,2018-05-10,HOWR,11
GORNSARCO1,2018-05-10,SPTO,5
GORNSARCO1,2018-05-10,AMRO,6
GORNSARCO1,2018-05-10,BCCH,12
BERNDIACO1,2018-05-28,AMRO,7
TREVDENCO1,2018-05-26,AMRO,6
TREVDENCO1,2018-05-26,BCCH,2
HAGGHENCO1,2018-05-25,AMRO,2
HAGGHENCO1,2018-05-25,BCCH,1
REIMAMBCO1,2018-05-21,AMRO,8
REIMAMBCO1,2018-05-21,BCCH,1
REIMAMBCO1,2018-05-21,SOSP,1
GERSREBCO1,2018-05-18,BCCH,8
GERSREBCO1,2018-05-18,AMRO,12
SHARAMACO1,2018-05-16,AMRO,9
SHARAMACO1,2018-05-16,BCCH,4
WOHLKENCO1,2018-06-02,SPTO,3
WOHLKENCO1,2018-06-02,HOWR,8
WOHLKENCO1,2018-06-02,BCCH,2
FULLPAMFL1,2018-06-26,CACH,3
FULLPAMFL1,2018-06-26,CARW,1
FULLPAMFL1,2018-06-26,NOCA,8
FULLPAMFL1,2018-06-26,TUTI,2
ABBOTOMCO1,2018-06-12,AMRO,11
ABBOTOMCO1,2018-06-12,HOWR,16
ABBOTOMCO1,2018-06-12,BCCH,5
ABBOTOMCO1,2018-06-12,SPTO,9
KAMILEIVA1,2018-06-26,GRCA,6
KAMILEIVA1,2018-06-26,NOCA,6
KAMILEIVA1,2018-06-26,AMRO,10
KAMILEIVA1,2018-06-26,CACH,2
KAMILEIVA1,2018-06-26,SOSP,5
BROWANNDC1,2018-06-27,AMRO,3
BROWANNDC1,2018-06-27,NOCA,1
STUECHRVA2,2018-06-26,AMRO,9
STUECHRVA2,2018-06-26,CACH,1
STUECHRVA2,2018-06-26,GRCA,5
STUECHRVA2,2018-06-26,NOCA,4
STUECHRVA2,2018-06-26,SOSP,3
BROWANNDC1,2018-06-27,AMRO,2
BROWANNDC1,2018-06-27,NOMO,3
BRAXBOBGA1,2018-06-27,AMRO,19
BRAXBOBGA1,2018-06-27,BRTH,5
BRAXBOBGA1,2018-06-27,CACH,6
BRAXBOBGA1,2018-06-27,CARW,9
MCKICAIMA1,2018-07-10,GRCA,9
MCKICAIMA1,2018-07-10,HOWR,2
ZEPKJANMA1,2018-07-11,BCCH,5
ZEPKJANMA1,2018-07-11,NOCA,9
ZEPKJANMA1,2018-07-11,AMRO,21
ZEPKJANMA1,2018-07-11,SOSP,3
ZEPKJANMA1,2018-07-11,HOWR,1
ZEPKJANMA1,2018-07-11,GRCA,4
BOYLCOLMA1,2018-07-12,GRCA,4
BOYLCOLMA1,2018-07-12,BCCH,8
BOYLCOLMA1,2018-07-12,AMRO,6
BOYLCOLMA1,2018-07-12,HOWR,5
HAUSJIMPA1,2018-07-02,AMRO,3
HAUSJIMPA1,2018-07-02,NOCA,1
FISHFERVA1,2018-07-11,AMRO,6
FISHFERVA1,2018-07-11,GRCA,4
FISHFERVA1,2018-07-11,HOWR,1
FISHFERVA1,2018-07-11,NOCA,3
FISHFERVA1,2018-07-11,SOSP,2
ONTAHOUDC1,2018-07-07,AMRO,4
ONTAHOUDC1,2018-07-07,SOSP,1
ONTAHOUDC1,2018-07-07,NOCA,2
MOSMCARMD1,2018-07-12,CACH,2
MOSMCARMD1,2018-07-12,HOWR,3
MOSMCARMD1,2018-07-12,NOCA,5
CLARCOLDC1,2018-07-07,GRCA,4
CLARCOLDC1,2018-07-07,AMRO,6
BLANBETMD1,2018-07-12,CARW,1
BLANBETMD1,2018-07-12,GRCA,1
BLANBETMD1,2018-07-12,AMRO,5
BLANBETMD1,2018-07-12,NOCA,1
GIRAANGMD1,2018-07-12,NOCA,2
GIRAANGMD1,2018-07-12,AMRO,3
GIRAANGMD1,2018-07-12,SOSP,1
GIRAANGMD1,2018-07-12,GRCA,6
OLONMARDC1,2018-07-14,AMRO,11
OLONMARDC1,2018-07-14,CARW,2
OLONMARDC1,2018-07-14,GRCA,12
OLONMARDC1,2018-07-14,SOSP,9
OLONMARDC1,2018-07-14,NOCA,8
BARBJERMD1,2018-07-05,NOCA,6
BARBJERMD1,2018-07-05,CARW,1
BARBJERMD1,2018-07-05,SOSP,1
BARBJERMD1,2018-07-05,AMRO,2
KNIGSALVA1,2018-06-30,CARW,9
KNIGSALVA1,2018-06-30,NOCA,1
KNIGSALVA1,2018-06-30,CACH,4
AAROJESFL1,2018-05-09,CARW,6
AAROJESFL1,2018-05-09,NOCA,19
AAROJESFL1,2018-05-09,TUTI,7
PIROELADC1,2018-07-16,AMRO,4
PIROELADC1,2018-07-16,CARW,3
PIROELADC1,2018-07-16,GRCA,7
PIROELADC1,2018-07-16,HOWR,2
PIROELADC1,2018-07-16,NOCA,8
HOWAJANMA1,2018-07-16,HOWR,2
HOWAJANMA1,2018-07-16,GRCA,7
HOWAJANMA1,2018-07-16,AMRO,7
STEPJANMA1,2018-07-15,GRCA,5
STEPJANMA1,2018-07-15,HOWR,1
STEPJANMA1,2018-07-15,SOSP,2
STEPJANMA1,2018-07-15,AMRO,5
STEPJANMA1,2018-07-15,BCCH,2
FEINLISMA1,2018-07-13,NOCA,2
FEINLISMA1,2018-07-13,HOWR,1
FEINLISMA1,2018-07-13,EAPH,2
FEINLISMA1,2018-07-13,BCCH,7
FEINLISMA1,2018-07-13,GRCA,8
FEINLISMA1,2018-07-13,SOSP,1
ROBIRONFL1,2018-05-21,CACH,6
ROBIRONFL1,2018-05-21,NOCA,13
ROBIRONFL1,2018-05-21,TUTI,8
WESCCATMA1,2018-06-20,BCCH,10
WESCCATMA1,2018-06-20,SOSP,3
WESCCATMA1,2018-06-20,EAPH,2
WESCCATMA1,2018-06-20,HOWR,0
BOUDLYNMA1,2018-06-22,GRCA,4
BOUDLYNMA1,2018-06-22,BCCH,1
BOUDLYNMA1,2018-06-22,HOWR,3
BOUDLYNMA1,2018-06-22,NOCA,6
BOUDLYNMA1,2018-06-22,SOSP,0
JOHAHEAMA1,2018-06-18,GRCA,5
JOHAHEAMA1,2018-06-18,NOCA,5
JOHAHEAMA1,2018-06-18,SOSP,4
WIKACORMD1,2018-07-17,NOCA,4
WIKACORMD1,2018-07-17,CACH,1
WIKACORMD1,2018-07-17,NOMO,2
OWENDORVA1,2018-07-18,SOSP,1
OWENDORVA1,2018-07-18,CARW,2
OWENDORVA1,2018-07-18,NOCA,4
BOSCJOEDC1,2018-05-28,GRCA,9
BOSCJOEDC1,2018-05-28,NOCA,9
BOSCJOEDC1,2018-05-28,SOSP,10
BOSCJOEDC1,2018-05-28,AMRO,9
BOSCJOEDC1,2018-05-28,NA,
BOSCJOEDC1,2018-05-28,NA,NA
STEWBETMD1,2018-05-09,NOCA,8
STEWBETMD1,2018-05-09,AMRO,8
STEWBETMD1,2018-05-09,CARW,3
STEWBETMD1,2018-05-09,GRCA,1
STEWBETMD1,2018-05-09,SOSP,3
STEWBETMD1,2018-05-09,CACH,3
STEWBETMD1,2018-05-09,,
STEWBETMD1,2018-05-09,,
STEWBETMD1,2018-05-09,,
STEWBETMD1,2018-05-09,,
STEWBETMD1,2018-05-09,,
STEWBETMD1,2018-05-09,,
WINSEMIGA1,2018-07-18,AMRO,4
WINSEMIGA1,2018-07-18,BRTH,2
WINSEMIGA1,2018-07-18,CACH,2
WINSEMIGA1,2018-07-18,CARW,3
WINSEMIGA1,2018-07-18,NOCA,9
WINSEMIGA1,2018-07-18,SOSP,4
WINSEMIGA1,2018-07-18,TUTI,2
RALSJIMPA1,2018-07-01,HOWR,1
RALSJIMPA1,2018-07-01,SOSP,2
SINGVIRDC1,2018-06-19,CARW,1
SINGVIRDC1,2018-06-19,GRCA,5
SINGVIRDC1,2018-06-19,HOWR,1
SINGVIRDC1,2018-06-19,NOCA,10
SINGVIRDC1,2018-06-19,SOSP,8
STANJEFMD1,2018-05-01,NOCA,8
STANJEFMD1,2018-05-01,AMRO,9
STANJEFMD1,2018-05-01,HOWR,2
STANJEFMD1,2018-05-01,GRCA,1
CAMPROSMD1,2018-05-02,AMRO,14
CAMPROSMD1,2018-05-02,SOSP,4
CAMPROSMD1,2018-05-02,NOCA,9
CAMPROSMD1,2018-05-02,GRCA,5
CAMPROSMD1,2018-05-02,HOWR,1
GOCHJOAMD1,2018-07-13,,
GOCHJOAMD1,2018-07-13,,
GOCHJOAMD1,2018-07-13,,
GOCHJOAMD1,2018-07-13,,
GOCHJOAMD1,2018-07-13,,
GOCHJOAMD1,2018-07-13,,
GOCHJOAMD1,2018-07-13,,
GOCHJOAMD1,2018-07-13,,
DONOLORDC2,2018-06-13,SOSP,6
DONOLORDC2,2018-06-13,NOCA,4
DONOLORDC2,2018-06-13,AMRO,3
DONOLORDC2,2018-06-13,GRCA,3
DONOLORDC2,2018-06-13,CACH,1
DONOLORDC2,2018-06-13,NOMO,5
MCDOELIVA1,2018-06-07,GRCA,10
MCDOELIVA1,2018-06-07,AMRO,17
MCDOELIVA1,2018-06-07,NOMO,9
MCDOELIVA1,2018-06-07,CACH,5
MCDOELIVA1,2018-06-07,NOCA,13
MCDOELIVA1,2018-06-07,SOSP,7
MCDOELIVA1,2018-06-07,HOWR,1
MCDOELIVA1,2018-06-07,GRCA,10
BALASUCMD1,2018-06-05,AMRO,8
BALASUCMD1,2018-06-05,CARW,2
BALASUCMD1,2018-06-05,HOWR,4
BALASUCMD1,2018-06-05,GRCA,1
BALASUCMD1,2018-06-05,CACH,9
BALASUCMD1,2018-06-05,NOCA,1
ARGEGIONC1,2018-04-16,NOCA,5
ARGEGIONC1,2018-04-16,CACH,1
ARGEGIONC1,2018-04-16,SOSP,1
BACHMARNC1,2018-04-19,SOSP,7
BACHMARNC1,2018-04-19,NOCA,9
BACHMARNC1,2018-04-19,AMRO,4
BACHMARNC1,2018-04-19,CARW,2
BACHMARNC1,2018-04-19,GRCA,2
BACHMARNC1,2018-04-19,NOMO,4
BACHMARNC1,2018-04-19,CACH,2
BAILPATNC1,2018-04-25,CARW,3
BAILPATNC1,2018-04-25,CACH,4
BAILPATNC1,2018-04-25,NOCA,6
DOUGSANFL1,2018-05-22,CARW,2
DOUGSANFL1,2018-05-22,NOCA,7
DOUGSANFL1,2018-05-22,TUTI,7
BEEGERLNC1,2018-04-27,NOCA,7
BEEGERLNC1,2018-04-27,SOSP,5
BEEGERLNC1,2018-04-27,CACH,4
BEEGERLNC1,2018-04-27,AMRO,13
BEEGERLNC1,2018-04-27,CARW,6
BROANANNC1,2018-05-10,AMRO,5
BROANANNC1,2018-05-10,CACH,5
BROANANNC1,2018-05-10,GRCA,2
BROANANNC1,2018-05-10,CARW,9
BROANANNC1,2018-05-10,NOCA,10
BROANANNC1,2018-05-10,NOMO,3
BUDNNORNC1,2018-05-01,CACH,4
BUDNNORNC1,2018-05-01,GRCA,1
BURNDENNC1,2018-05-09,NOCA,9
BURNDENNC1,2018-05-09,GRCA,7
BURNDENNC1,2018-05-09,CARW,2
BURNDENNC1,2018-05-09,SOSP,3
BURNDENNC1,2018-05-09,AMRO,3
BURNDENNC1,2018-05-09,CACH,1
CASTTOMNC1,2018-05-03,GRCA,5
CASTTOMNC1,2018-05-03,NOMO,1
CASTTOMNC1,2018-05-03,CACH,3
CASTTOMNC1,2018-05-03,NOCA,15
CASTTOMNC1,2018-05-03,AMRO,6
CASTTOMNC1,2018-05-03,SOSP,3
CASTTOMNC1,2018-05-03,CARW,8
CASTTOMNC1,2018-05-03,HOWR,1
CRAIJOSNC1,2018-07-08,AMRO,10
CRAIJOSNC1,2018-07-08,NOMO,2
CRAIJOSNC1,2018-07-08,CACH,6
CRAIJOSNC1,2018-07-08,CARW,11
CRAIJOSNC1,2018-07-08,NOCA,14
DEBRMARNC1,2018-04-20,AMRO,6
DEBRMARNC1,2018-04-20,CACH,3
DEBRMARNC1,2018-04-20,NOCA,14
DEBRMARNC1,2018-04-20,NOMO,2
DEBRMARNC1,2018-04-20,CARW,2
DURBLAUNC1,2018-06-06,NOCA,9
DURBLAUNC1,2018-06-06,CARW,3
DURBLAUNC1,2018-06-06,NOMO,3
DURBLAUNC1,2018-06-06,AMRO,1
DURBLAUNC1,2018-06-06,CACH,3
GOINJANNC1,2018-07-13,AMRO,8
GOINJANNC1,2018-07-13,CACH,5
GOINJANNC1,2018-07-13,GRCA,2
GOINJANNC1,2018-07-13,SOSP,4
GOINJANNC1,2018-07-13,NOCA,15
GOINJANNC1,2018-07-13,HOWR,3
GOINJANNC1,2018-07-13,NOMO,4
HAGACOUNC1,2018-04-23,NOCA,13
HAGACOUNC1,2018-04-23,CACH,6
HAHNMARNC1,2018-04-17,NOCA,12
HAHNMARNC1,2018-04-17,CACH,3
HAHNMARNC1,2018-04-17,AMRO,2
HARABARNC1,2018-05-08,HOWR,1
HARABARNC1,2018-05-08,NOCA,14
HARABARNC1,2018-05-08,GRCA,5
HARABARNC1,2018-05-08,SOSP,4
HARABARNC1,2018-05-08,CARW,3
HARABARNC1,2018-05-08,AMRO,1
LOFLKATNC1,2018-07-02,CARW,7
LOFLKATNC1,2018-07-02,CACH,6
LOFLKATNC1,2018-07-02,AMRO,11
LOFLKATNC1,2018-07-02,HOWR,2
LOFLKATNC1,2018-07-02,GRCA,6
MEADRUTNC1,2018-04-18,NOMO,5
MEADRUTNC1,2018-04-18,NOCA,14
MEADRUTNC1,2018-04-18,CACH,5
MEADRUTNC1,2018-04-18,AMRO,5
MEADRUTNC1,2018-04-18,CARW,1
MOSELYNNC1,2018-07-12,NOCA,10
ROBELINNC1,2018-07-10,AMRO,7
ROBELINNC1,2018-07-10,SOSP,7
ROBELINNC1,2018-07-10,GRCA,7
ROBELINNC1,2018-07-10,NOCA,3
ROBELINNC1,2018-07-10,CACH,2
ROBELINNC1,2018-07-10,CARW,8
ROBELINNC1,2018-07-10,HOWR,5
ROSETRANC1,2018-07-11,CARW,6
ROSETRANC1,2018-07-11,CACH,2
ROSETRANC1,2018-07-11,NOMO,1
ROSETRANC1,2018-07-11,NOCA,17
SANFTIFNC1,2018-05-12,NOCA,7
SANFTIFNC1,2018-05-12,CARW,3
SANFTIFNC1,2018-05-12,CACH,1
SANFTIFNC1,2018-05-12,AMRO,1
SENZIRINC1,2018-07-06,CACH,5
SENZIRINC1,2018-07-06,CARW,11
SENZIRINC1,2018-07-06,NOCA,16
SORECLYNC1,2018-04-30,NOMO,3
SORECLYNC1,2018-04-30,CACH,4
SORECLYNC1,2018-04-30,NOCA,8
SORECLYNC1,2018-04-30,CARW,8
SORECLYNC1,2018-04-30,AMRO,2
WALTANNNC1,2018-05-04,AMRO,2
WALTANNNC1,2018-05-04,CARW,2
WALTANNNC1,2018-05-04,SOSP,9
WALTANNNC1,2018-05-04,NOCA,12
WALTANNNC1,2018-05-04,GRCA,2
WALTANNNC1,2018-05-04,NOMO,2
WALTANNNC1,2018-05-04,HOWR,1
WANGMATNC1,2018-05-02,NOCA,7
WANGMATNC1,2018-05-02,GRCA,2
WANGMATNC1,2018-05-02,NOMO,2
WANGMATNC1,2018-05-02,AMRO,2
WHEEJENNC1,2018-07-03,AMRO,12
WHEEJENNC1,2018-07-03,CARW,7
WHEEJENNC1,2018-07-03,NOCA,13
WHEEJENNC1,2018-07-03,GRCA,4
WILLAMBNC1,2018-06-12,NOCA,12
WILLAMBNC1,2018-06-12,NOMO,10
WILLAMBNC1,2018-06-12,CARW,6
WILLAMBNC1,2018-06-12,CACH,3
WILLCAINC1,2018-07-05,NOCA,25
WILLCAINC1,2018-07-05,CARW,15
WILLCAINC1,2018-07-05,GRCA,12
WILLCAINC1,2018-07-05,SOSP,5
WILLCAINC1,2018-07-05,AMRO,12
WILLCAINC1,2018-07-05,CACH,3
WILLCAINC1,2018-07-05,HOWR,9
RALSJIMPA1,2018-07-01,AMRO,3
BIREROYPA1,2018-07-04,CACH,1
BIREROYPA1,2018-07-04,SOSP,2
BIREROYPA1,2018-07-04,AMRO,3
BIREROYPA1,2018-07-04,CARW,1
JACKALADC1,2018-07-20,AMRO,4
JACKALADC1,2018-07-20,GRCA,2
JACKALADC1,2018-07-20,NOCA,3
JACKALADC1,2018-07-20,CARW,2
JACKALADC1,2018-07-20,SOSP,1
JACKALADC1,2018-07-20,HOWR,1
CRONCHRVA2,2018-07-19,NOCA,6
CRONCHRVA2,2018-07-19,GRCA,3
CRONCHRVA2,2018-07-19,HOWR,2
WOODPAUVA1,2018-07-18,GRCA,1
WOODPAUVA1,2018-07-18,AMRO,3
WOODPAUVA1,2018-07-18,NOCA,7
WOODPAUVA1,2018-07-18,CARW,3
CYMRHELDC1,2018-07-20,GRCA,4
CYMRHELDC1,2018-07-20,HOWR,1
TATEJUAMD1,2018-07-17,GRCA,1
TATEJUAMD1,2018-07-17,AMRO,3
TATEJUAMD1,2018-07-17,NOCA,7
TATEJUAMD1,2018-07-17,CARW,3
BUISNORVA1,2018-07-19,CACH,2
BUISNORVA1,2018-07-19,CARW,1
BUISNORVA1,2018-07-19,GRCA,3
BUISNORVA1,2018-07-19,NOCA,4
BUISNORVA1,2018-07-19,AMRO,2
KEYESUSMD1,2018-07-06,CARW,1
KEYESUSMD1,2018-07-06,NA,NA
STANJEFMD1,2018-05-01,SOSP,11
STANJEFMD1,2018-05-01,NA,NA
CAMPROSMD1,2018-05-02,CACH,3
CAMPROSMD1,2018-05-02,NA,NA
GOCHJOAMD1,2018-07-13,CACH,1
GOCHJOAMD1,2018-07-13,GRCA,4
GOCHJOAMD1,2018-07-13,NOCA,7
GOCHJOAMD1,2018-07-13,SOSP,2
MERIMARMA1,2018-07-21,BCCH,17
MERIMARMA1,2018-07-21,AMRO,9
MERIMARMA1,2018-07-21,GRCA,8
STEVSADMA1,2018-07-08,NOMO,1
FREYFREMD1,2018-07-23,AMRO,3
FREYFREMD1,2018-07-23,CACH,1
FREYFREMD1,2018-07-23,CARW,4
FREYFREMD1,2018-07-23,GRCA,7
FREYFREMD1,2018-07-23,NOCA,2
FREYFREMD1,2018-07-23,SOSP,5
FREYFREMD1,2018-07-23,NOMO,3
SHERALEMA1,2018-07-21,BCCH,5
SHERALEMA1,2018-07-21,GRCA,6
MALTELIMA1,2018-07-20,AMRO,14
MALTELIMA1,2018-07-20,BCCH,5
MALTELIMA1,2018-07-20,CARW,1
MALTELIMA1,2018-07-20,GRCA,4
MALTELIMA1,2018-07-20,HOWR,2
VEARRICMA1,2018-07-13,AMRO,12
VEARRICMA1,2018-07-13,GRCA,2
VEARRICMA1,2018-07-13,BCCH,7
VEARRICMA1,2018-07-13,NOCA,4
KANEBRIMA1,2018-06-17,BCCH,3
KANEBRIMA1,2018-06-17,EAPH,1
KANEBRIMA1,2018-06-17,GRCA,3
KANEBRIMA1,2018-06-17,NOCA,2
AKREMICMA2,2018-07-23,BCCH,2
AKREMICMA2,2018-07-23,AMRO,1
AKREMICMA2,2018-07-23,GRCA,7
AKREMICMA2,2018-07-23,NOCA,3
AKREMICMA2,2018-07-23,HOWR,1
MCDOELIVA1,2018-06-07,AMRO,17
MCDOELIVA1,2018-06-07,NOMO,9
MCDOELIVA1,2018-06-07,CACH,5
MCDOELIVA1,2018-06-07,NOCA,13
MCDOELIVA1,2018-06-07,SOSP,7
MCDOELIVA1,2018-06-07,HOWR,1
ARGEGIONC1,2018-04-16,NOMO,4
LANGPETMA1,2018-07-24,BCCH,8
HOUSJONGA1,2018-07-25,AMRO,3
HOUSJONGA1,2018-07-25,CACH,4
HOUSJONGA1,2018-07-25,CARW,7
HOUSJONGA1,2018-07-25,NOCA,6
MIRKJOEMA1,2018-07-25,HOWR,3
MIRKJOEMA1,2018-07-25,BCCH,6
MIRKJOEMA1,2018-07-25,GRCA,5
MIRKJOEMA1,2018-07-25,AMRO,10
MIRKJOEMA1,2018-07-25,NOCA,5
ROHRSALMD1,2018-07-25,CACH,5
ROHRSALMD1,2018-07-25,AMRO,1
ROHRSALMD1,2018-07-25,CARW,5
ROHRSALMD1,2018-07-25,NOCA,3
HOYTHARGA1,2018-07-26,CARW,11
HOYTHARGA1,2018-07-26,SOSP,4
HOYTHARGA1,2018-07-26,CACH,10
DOUGSANFL1,2018-05-22,CACH,3
JAKUJULMA1,2018-07-27,EAPH,3
JAKUJULMA1,2018-07-27,BCCH,3
JAKUJULMA1,2018-07-27,AMRO,9
JAKUJULMA1,2018-07-27,HOWR,1
JAKUJULMA1,2018-07-27,GRCA,7
RAUNERIMD2,2018-07-27,CACH,2
RAUNERIMD2,2018-07-27,CARW,5
RAUNERIMD2,2018-07-27,GRCA,1
RAUNERIMD2,2018-07-27,NOCA,7
VONGJENMD1,2018-07-26,AMRO,4
VONGJENMD1,2018-07-26,NOCA,5
VONGJENMD1,2018-07-26,HOWR,2
VONGJENMD1,2018-07-26,CARW,1
VONGJENMD1,2018-07-26,CACH,3
HAGODEBCO1,2018-07-14,AMRO,4
HAGODEBCO1,2018-07-14,BCCH,2
BIRDCONCO1,2018-07-10,AMRO,6
BIRDCONCO1,2018-07-10,BCCH,7
BIRDCONCO1,2018-07-10,HOWR,13
JEANVICCO1,2018-07-03,AMRO,7
LYBAALICO1,2018-06-29,AMRO,6
LYBAALICO1,2018-06-29,HOWR,2
WILTALLCO1,2018-06-28,BCCH,2
WILTALLCO1,2018-06-28,HOWR,3
WILTALLCO1,2018-06-28,AMRO,2
PHENTRACO1,2018-06-26,AMRO,8
PHENTRACO1,2018-06-26,BCCH,6
NICKSHECO1,2018-06-25,AMRO,9
RESZJAYCO1,2018-06-18,AMRO,9
FRITDENCO1,2018-06-16,AMRO,7
FRITDENCO1,2018-06-16,BCCH,2
PERNMIKMD1,2018-07-28,NOCA,3
PERNMIKMD1,2018-07-28,CACH,2
PERNMIKMD1,2018-07-28,CARW,6
MARRPETMD2,2018-07-27,AMRO,4
MARRPETMD2,2018-07-27,CARW,1
MARRPETMD2,2018-07-27,NOCA,1
MARRPETMD2,2018-07-27,HOWR,1
MARRPETMD2,2018-07-27,SOSP,2
MARRPETMD2,2018-07-27,GRCA,1
PERRCHRMD1,2018-07-28,NOCA,1
PERRCHRMD1,2018-07-28,AMRO,2
PERRCHRMD1,2018-07-28,CARW,1
KESTSABDC1,2018-07-26,AMRO,5
KESTSABDC1,2018-07-26,GRCA,3
CHALMICGA1,2018-07-29,CACH,10
CHALMICGA1,2018-07-29,CARW,8
CHALMICGA1,2018-07-29,GRCA,1
CHALMICGA1,2018-07-29,NOCA,6
CHALMICGA1,2018-07-29,NOMO,2
CHALMICGA1,2018-07-29,SOSP,7
ALCOKENGA1,2018-07-28,AMRO,1
ALCOKENGA1,2018-07-28,BRTH,1
ALCOKENGA1,2018-07-28,CARW,5
ALCOKENGA1,2018-07-28,GRCA,3
ALCOKENGA1,2018-07-28,NOCA,7
ALCOKENGA1,2018-07-28,NOMO,3
ALCOKENGA1,2018-07-28,SOSP,6
ALCOKENGA1,2018-07-28,AMRO,1
ALCOKENGA1,2018-07-28,BRTH,1
ALCOKENGA1,2018-07-28,CARW,5
ALCOKENGA1,2018-07-28,GRCA,3
ALCOKENGA1,2018-07-28,NOCA,7
ALCOKENGA1,2018-07-28,NOMO,3
ALCOKENGA1,2018-07-28,SOSP,6
ALCOKENGA1,2018-07-28,TUTI,4
SAPPBILGA1,2018-07-29,CACH,13
SAPPBILGA1,2018-07-29,CARW,8
SAPPBILGA1,2018-07-29,NOCA,7
SAPPBILGA1,2018-07-29,SOSP,5
SAPPBILGA1,2018-07-29,TUTI,9
SAPPBILGA1,2018-07-29,AMRO,4
DICKEMMGA1,2018-07-30,CARW,16
DICKEMMGA1,2018-07-30,NOCA,14
DICKEMMGA1,2018-07-30,SOSP,8
DICKEMMGA1,2018-07-30,TUTI,10
BEEGERLNC1,2018-04-27,GRCA,2
BROANANNC1,2018-05-10,HOWR,1
BURGRENNC1,2018-05-18,CARW,2
BURNDENNC1,2018-05-09,NOMO,1
CAMPSUSNC1,2018-06-05,CACH,7
COTTVANNC1,2018-06-13,AMRE,1
CRAIJOSNC1,2018-05-19,,
DEBRMARNC1,2018-04-20,HOWA,1
HEADDOTGA1,2018-08-05,CACH,8
HEADDOTGA1,2018-08-05,CARW,8
HEADDOTGA1,2018-08-05,NOCA,10
HEADDOTGA1,2018-08-05,TUTI,2
BELMNIKGA1,2018-08-05,BRTH,2
BELMNIKGA1,2018-08-05,CACH,9
BELMNIKGA1,2018-08-05,CARW,8
BELMNIKGA1,2018-08-05,GRCA,1
BELMNIKGA1,2018-08-05,NOCA,11
BELMNIKGA1,2018-08-05,TUTI,4
STEPMARGA1,2018-08-03,CACH,11
STEPMARGA1,2018-08-03,CARW,14
TALEKELGA1,2018-08-07,AMRO,4
TALEKELGA1,2018-08-07,BRTH,2
TALEKELGA1,2018-08-07,CACH,12
TALEKELGA1,2018-08-07,CARW,14
TALEKELGA1,2018-08-07,NOCA,11
TALEKELGA1,2018-08-07,SOSP,3
THOMGRECO1,2018-06-13,AMRO,13
THOMGRECO1,2018-06-13,BCCH,8
THOMGRECO1,2018-06-13,SPTO,6
THOMGRECO1,2018-06-13,HOWR,7
HOUSLINCO1,2018-06-05,SPTO,6
HOUSLINCO1,2018-06-05,HOWR,4
HOUSLINCO1,2018-06-05,AMRO,6
HOUSLINCO1,2018-06-05,BCCH,4
WARDROYCO1,2018-05-31,AMRO,5
ROBEKATCO1,2018-05-30,AMRO,13
SARGLANCO1,2018-05-29,AMRO,2
SARGLANCO1,2018-05-29,BCCH,4
SARGLANCO1,2018-05-29,SPTO,2
SARGLANCO1,2018-05-29,HOWR,2
GERWJOHNC1,2018-07-19,,
GLORPETNC2,2018-05-07,,
HAGACOUNC1,2018-04-23,CARW,3
HAHNMARNC1,2018-04-17,CARW,1
HOPKMARGA1,2018-08-09,CACH,12
HOPKMARGA1,2018-08-09,CARW,12
HOPKMARGA1,2018-08-09,NOCA,21
HOPKMARGA1,2018-08-09,SOSP,7
HOPKMARGA1,2018-08-09,TUTI,4
HARVSUENC1,2018-06-19,CARW,6
CARRPAGCO1,2018-06-07,AMRO,3
CARRPAGCO1,2018-06-07,SPTO,1
CARRPAGCO1,2018-06-07,BCCH,1
HISKSUZCO1,2018-06-21,AMRO,4
HISKSUZCO1,2018-06-21,BCCH,2
HAZEALICO1,2018-06-14,SPTO,1
HAZEALICO1,2018-06-14,AMRO,12
IVESALINC1,2018-06-07,NOCA,5
GERKGINCO1,2018-06-04,SPTO,2
HOUSELICO1,2018-06-19,AMRO,3
KINGHUGCO1,2018-06-12,SPTO,8
KINGHUGCO1,2018-06-12,AMRO,3
SULLKELCO1,2018-06-26,AMRO,3
GETZGLEPA1,2018-07-07,AMRO,2
GETZGLEPA1,2018-07-07,GRCA,1
GETZGLEPA1,2018-07-07,SOSP,2
GETZGLEPA1,2018-07-07,NOCA,2
RYANKATCO1,2018-07-09,AMRO,2
RYANKATCO1,2018-07-09,SPTO,1
STROJEACO1,2018-06-09,AMRO,3
STROJEACO1,2018-06-09,BCCH,2
STROJEACO1,2018-06-09,GRCA,2
STROJEACO1,2018-06-09,SPTO,6
KALIELINC1,2018-06-29,HOWR,1
WILLTOMCO1,2018-06-08,AMRO,3
WILLTOMCO1,2018-06-08,HOWR,1
KNIGKENNC2,2018-06-14,,
FROSKATCO1,2018-06-11,AMRO,3
FROSKATCO1,2018-06-11,SPTO,1
KARMALYPA3,2018-07-18,CACH,1
KARMALYPA3,2018-07-18,SOSP,3
HASHTAMPA1,2018-07-19,AMRO,10
HASHTAMPA1,2018-07-19,SOSP,7
YEANDAVPA1,2018-07-27,CARW,2
YEANDAVPA1,2018-07-27,GRCA,2
YEANDAVPA1,2018-07-27,AMRO,4
YEANDAVPA1,2018-07-27,NOCA,1
BALDARTPA1,2018-07-28,AMRO,5
BALDARTPA1,2018-07-28,GRCA,3
HOPEGREPA1,2018-07-29,AMRO,5
HOPEGREPA1,2018-07-29,SOSP,8
RIGAMARPA1,2018-07-30,AMRO,2
RIGAMARPA1,2018-07-30,NOCA,1
MCGEMANPA1,2018-07-31,AMRO,1
MCGEMANPA1,2018-07-31,SOSP,6
MCGEMANPA1,2018-07-31,CACH,1
MCGEMANPA1,2018-07-31,NOCA,2
LINDOLIPA1,2018-08-04,SOSP,5
LINDOLIPA1,2018-08-04,AMRO,3
KOBEDANPA1,2018-08-05,AMRO,6
PENNGRANC1,2018-06-26,,
MARNMELPA1,2018-08-13,NOCA,4
SIMPEDWNC1,2018-05-20,NOMO,1
SORECLYNC1,2018-04-30,GRCA,1
WALTANNNC1,2018-05-04,CACH,2
WANGMATNC1,2018-05-02,CACH,1
WHEEJENNC1,2018-07-03,CACH,3
WILLAMBNC1,2018-06-12,AMRO,1
BERASHEPA1,2018-05-29,AMRO,4
BERASHEPA1,2018-05-29,NOCA,1
BERASHEPA1,2018-05-29,NOMO,1
LEEJOEPA1,2018-06-09,GRCA,1
LEEJOEPA1,2018-06-09,SOSP,3
NIKODONPA1,2018-06-29,HOWA,1
NIKODONPA1,2018-06-29,SOSP,2
NEWTMICPA1,2018-07-24,SOSP,2
NEWTMICPA1,2018-07-24,AMRO,3
NEWTMICPA1,2018-07-24,HOWR,1
